"﻿""Ardéchois à la crème de marrons""",https://upload.wikimedia.org/wikipedia/commons/thumb/9/95/Ard%C3%A9chois_%C3%A0_la_cr%C3%A8me_de_marron.jpg/800px-Ard%C3%A9chois_%C3%A0_la_cr%C3%A8me_de_marron.jpg
Baba au rhum,http://www.mangercacher.com/images/images_plats/gd_La-Delicieuse-Voltaire_Les-Entremets-individuels_Baba-au-rhum.jpg
Brioche,http://www.terroirsdechefs.com/var/terroirsdechefs/storage/images/galerie/galeries-photos/produits/de-boulangerie/brioche/81882-1-fre-FR/Brioche_zoom.jpg
Beignet,http://www.grands-meres.net/wp-content/uploads/2013/02/recette-de-beignets.jpg,620360270054051840
Brownie,http://foodnetwork.sndimg.com/content/dam/images/food/fullset/2011/10/25/1/CC_Alton-Brown-Cocoa-Brownies_s4x3.jpg,620363300560310272
Bavarois,http://p1.storage.canalblog.com/12/18/468321/38541376.jpg,630085625350365184
Crème brûlée,http://www.recettesdumonde.info/wp-content/uploads/2013/12/Creme-brulee.jpg,630086327258771456
Chou à la crème,http://www.supplex.fr/blog/wp-content/uploads/2015/05/choux_creme_patissiere-2.jpg,620363825674588160
Clafoutis,http://images.sweetauthoring.com/recipe/30907_682.jpg,620355030923780096
Crêpe,http://www.mamanatable.com/wp-content/uploads/2015/02/Crepe_Sweet.jpg,620355779900612608
Amandine aux poires,http://1001facons.fr/wp-content/uploads/2013/04/tarte_amandine_poires3-1000.jpg,620358465320521728,620363722092101636,620366326549348356,630086288130088960
Biscuit rose de Reims,http://www.joursheureux.fr/media/catalog/product/cache/1/image/9df78eab33525d08d6e5fb8d27136e95/j/h/jh3714amb7495_18.jpg
Cannelé bordelais,https://upload.wikimedia.org/wikipedia/commons/a/aa/Caneles_stemilion.jpg
Cookie,https://upload.wikimedia.org/wikipedia/commons/thumb/b/b9/Chocolate_Chip_Cookies_-_kimberlykv.jpg/1024px-Chocolate_Chip_Cookies_-_kimberlykv.jpg,620366389426171905
Charlotte,http://ltgcdn2-philipjacob.netdna-ssl.com/wp-content/uploads/2007/05/charlotte.jpg,620363729662832644
Cheesecake,http://p1.pic.akm.vodst.com/17215/17215.comment-faire-un-cheesecake-rapide-a-la-peche.w_1280.h_720.m_zoom.c_middle.ts_1334757110..jpg,620357499795939329,620361350016073728,620361460154257408,620363502935482368,620366943283978240
Cupcake,http://img0.gtsstatic.com/wallpapers/892f82c5138f25c188fff5730c4c79ba_large.jpeg
Chausson italien,http://icu.linter.fr/750/366379/6898364410/chaussons-italiens.jpg,630087171085611009
Cornes de gazelles,http://www.janejohnsonbooks.com/wp-content/uploads/2012/03/Cornes-de-gazelles.jpg
Crumble,http://www.cuisiner-c-facile.fr/wp-content/uploads/2014/10/Crumble.jpg,630085595805712385
Éclair,http://static.ladepeche.fr/content/media/image/zoom/2010/02/10/4346-20100210130046.jpg,620352640959021056
Far breton,http://www.papillesetpupilles.fr/wp-content/uploads/2013/09/Far-Breton.jpg
Financier,http://www.jujube-en-cuisine.fr/wp-content/uploads/2013/06/financier_matcha_framboise1.jpg,630087202526089216
Flan pâtissier,http://farm4.enviedebienmanger.fr/sites/default/files/recipe_avatar/flan-patissier-avatar.jpg,620363065402519552,630085635316019200
Fondant au chocolat,https://cuisineestudiantine.files.wordpress.com/2014/02/gateau-mi-cuit-chocolat-piment-2.jpg,620361733278957569,620363458421329920
Forêt-noire,http://files.meilleurduchef.com/mdc/photo/recette/foret-noire/foret-noire-640.jpg,620354472636731393
Florentins,http://storage.canalblog.com/93/32/123796/11416761.jpg,620354511736061956
Mi-cuit au chocolat,http://recette365.com/wp-content/uploads/2014/06/fondant-chocn718487742_331133_2003.jpg,620363511902900225
Moelleux au chocolat,"https://fr.wikipedia.org/wiki/Moelleux_au_chocolat#/media/File:Souffl%C3%A9s_au_chocolat,_coeur_au_citron.jpg",620366398250962944,620366408531222528,620366429720838145
Fraisier,http://www.mamanatable.com/wp-content/uploads/2015/05/strawberry_fraisier1.jpg,620361431142244352,630087964656279552
Gaufre,http://cdn.recettes100.fr/v/fr/f/f32143e946fb6fc64f784650ef5ef52f.jpg,620363491908657152
Gâteau aux carottes,http://www.recette-gateau.eu/wp-content/uploads/2015/01/G%C3%A2teau-aux-carottes-ou-Carrot-cake4.jpg
Gâteau basque,http://www.sudouest-gourmand.fr/wp-content/uploads/2012/07/gateau-basque.jpg,620361260316655617
Galette des rois,http://www.femmeactuelle.fr/var/femmeactuelle/storage/images/cuisine/cuisine-des-chefs/recette-galette-des-rois-facile/11506819-1-fre-FR/la-recette-de-la-galette-des-rois-a-la-frangipane.jpg
Framboisier,http://www.photoculinaire.fr/images/boulangerie-patisserie/framboisier.jpg
Kouign amann,http://www.cuisineactuelle.fr/var/cui/storage/images/recettes-de-cuisine/recettes-pour-tous/enfant/kouign-amann/960781-2-fre-FR/kouign-amann.jpg
Kouglof,http://monipag.com/clemence-anquetin/wp-content/uploads/sites/1656/2014/02/kouglof-gp3.jpg,620354749817335808,620355046438473728,620361229366894592,620363810084384768
Madeleine,http://www.lesamedicpatisserie.fr/wp-content/uploads/2014/11/madeleines.jpg
Macaron,https://alicejrobinson.files.wordpress.com/2014/04/macaron.jpeg
Merveilleux,http://3.bp.blogspot.com/-JHJAIGEhG9k/VI2i2uWFZqI/AAAAAAAAQ08/88pGMWTqj9Q/s1600/bu%CC%82che%2Bmerveilleux.JPG,620360424203120640,630086156059836416
Moka,http://files.meilleurduchef.com/mdc/photo/recette/moka/moka-640.jpg,620354485039333380
Montecados,http://p5.storage.canalblog.com/56/20/937742/79353809_o.jpg,620363762273513472,620366373689139200
Mont-Blanc,http://bravetart.com/bravepix/256.jpg,620355413142278148
Nougat de Tours,http://asset.keldelice.com/attachments/photos/613420/original/nougat-de-tours.jpg?1317990830,620353444633833472,620358488439570433,620359038447058944,620359771825250304,620360698808377344,630086220077473792
Opéra,http://www.lepoint.fr/content/system/media/opera_a_croquer_img.jpg
Pain d'épices,http://revedegourmandises.e.r.f.unblog.fr/files/2009/03/paindpices2.jpg,620360178056200192,620360322700943360,620360758136864768
Pain perdu,http://www.laruedessaveurs.fr/wp-content/uploads/2013/03/Pain-perdu-2.jpg,620571697968775168
Paris-brest,http://icu.linter.fr/750/335742/1005431282/paris-brest.jpg
Pudding,http://www.divinechocolate.com/uk/sites/default/files/img/recipes/White-Chocolate-%26-Strawberry-Pudding.jpg
Quatre-quarts,http://recetterecipe.com/wp-content/uploads/2013/10/quatre-quart_breton.jpeg
Profiteroles,http://cdn.recettes100.fr/v/fr/8/88a1aaef9b3deccb9daeb644a6083c6b.jpg,620366836970954752
Religieuse,https://www.atelierdeschefs.com/media/recette-e2289-religieuse-au-chocolat.jpg
Rose des sables,http://www.chocobea.com/wp-content/uploads/2010/12/P10608771.jpg
Sacristain,http://p4.storage.canalblog.com/47/54/23118/86880339_o.jpg,620355643090829313
Saint-honoré,http://www.gourmetsandco.com/wp-content/uploads/2013/05/Fetish-Saint-Honor%C3%A9.jpg,620363530060046336
Spéculoos,http://www.cuisineactuelle.fr/var/cui/storage/images/recettes-de-cuisine/type-de-plat/dessert/speculoos-maison/857797-1-fre-FR/speculoos-maison.jpg,620359744671367169
Taiyaki,http://www.fangirl.eu/wp-content/uploads/2009/01/taiyaki.jpg,620363608707497984
Tarte Tatin,http://www.cinqautels.com/wp-content/uploads/2014/03/tarte-tatin.jpg
Tiramisu,http://www.heavenlytiramisu.com/wp-content/uploads/2013/05/Tiramisu-Cocoa-Single-Sun.jpg
Tresse au beurre,http://a54.idata.over-blog.com/600x450/1/62/15/38/images-4/Sable-citron-de-Menton-068.JPG,620354542341857280,620361241257750528,620363620879347712,630086189471637504
Salade de fruits,http://fr.best-wallpaper.net/wallpaper/1680x1050/1212/Delicious-fruit-salad-strawberry-raspberry-blackberry_1680x1050.jpg,620361539816701952,620362149941149696,620363674809724928,620366933695852545
Tarte à la rhubarbe,http://images.monmenu.fr/photos/Recette-Tarte-a-la-Rhubarbe-7635907.jpg
Tarte aux pommes,http://www.cuisineactuelle.fr/var/cui/storage/images/recettes-de-cuisine/type-de-plat/dessert/tarte-aux-pommes-sans-compote/1139632-2-fre-FR/tarte-aux-pommes-sans-compote.jpg
Flanau caramel,http://i.ytimg.com/vi/JrC61fj_7N0/maxresdefault.jpg
Mille-feuilles,http://www.cuisiner-c-facile.fr/wp-content/uploads/2013/12/Mille-feuille.jpg,620366980076412933
Muffin au chocolat,http://www.lartetlacuillere.com/wp-content/uploads/2012/12/muffins-tout-chocolat-11.jpg
Chouquettes,http://www.lacuisinedejosie.fr/wp-content/uploads/2013/03/chouquettes_1.jpg,620361484477050880
Palmier,http://jemoccupedudessert.com/wp-content/uploads/2013/09/IMG_6389.jpg,620360388249538560
Rochers coco,https://azititou.files.wordpress.com/2012/07/petits-rochers-noix-coco-l-7veo92.jpeg
Pets de nonnes,http://www.sudouest-gourmand.fr/wp-content/uploads/2012/02/pets-de-nonne.jpg,620366865001484288,620366953702666240,630085558673506305
Sablés aux noix,https://amapbellefontaines.files.wordpress.com/2011/12/img_3592.jpg,620361209162956800
Chausson aux pommes,http://files.meilleurduchef.com/mdc/photo/recette/chausson-pomme/chausson-pomme-2-640.jpg,620360660103360512,620366455595532288
Glace à la menthe fraîche,http://notre-cuisine.com/wp-content/uploads/2015/01/Glace-%C3%A0-la-menthe.jpg
Glace à la vanille,http://www.maigrir2000.com/imagesUp/recettes/369-1.jpg
Poires Belle-Hélène,http://static.pratique.fr/images/unsized/po/poires-belle-helene.jpg,630085656350474241
Faisselle au coulis de fruits rouges,http://s3-eu-west-1.amazonaws.com/images-ca-1-0-1-eu/recipe_photos/original/3833/faisselle_chevre_coulis_fruits_rouges.jpg?1413394113,620356482438168576
Crème au chocolat,http://cuisine-saine.fr/wp-content/uploads/2012/10/creme-chocolat.jpg,630085569402523648
Crème aux oeufs,http://imalbum.aufeminin.com/album/D20100806/695352_EH47XCA12FRJW4YWV5JNN41BMPXOEW_recette-creme-oeufs-caramel_H144726_L.jpg,620362177531260928
Crème caramel,http://the-cook-chef.com/img/uploads/recettes/22/creme_caramel_014r.jpg
Crème catalane,http://pierrotgourmet.fr/wp-content/uploads/2013/02/creme_catalane1.jpg,620363035920703488
Mousse au chocolat,http://files.meilleurduchef.com/mdc/photo/recette/mousse-chocolat/mousse-chocolat-640.jpg,620360203473715200,620361764199354368,630086296610996224
Panna cotta au cassis,http://a400.idata.over-blog.com/4/20/17/96/Cremes/PannaCotta_Cassis_03.jpg,620357556670713857
Marron glacé,http://www.patisseriesaintandre.fr/images/noel/marrons-glaces.jpg,620354549279268864,620354859993276417,620360650041217024,630086226532528128
Melon glacé,http://www.prima.fr.s1.frz.io/wp-content/uploads/2013/04/ouv-soupiere-melon-glace-615x335.jpg?frz-v8
Rochers pralinés,http://www.sucredorgeetpaindepices.fr/wp-content/uploads/2014/11/25-rocher-bouchee-ferrero-ferrerro-ferero-chocolat-noisette-craquant-1014x610.jpg
Bananes flambées,https://www.atelierdeschefs.com/media/recette-e15624-bananes-flambees.jpg,620359671522676737
Compote de pommes,http://purenrgy.com/wp-content/uploads/2012/01/recette_compote_de_pommes.jpg
Riz au lait,http://www.cuisine-astuce.com/wp-content/uploads/2012/01/riz-au-lait1208259806.jpg,620366794746908673
Semoule au lait,http://2.bp.blogspot.com/-ICOm2s5AwQc/UwPLivEZ1hI/AAAAAAAACxw/pSXg5wYo9HM/s1600/Semoule+au+lait+6.JPG
Roulé à la cannelle,http://sweets.seriouseats.com/images/2014/01/20110426-cinnamon-bun-homemade-primary.jpg,620353415219159041
Tarte à la crème,http://www.letribunal.com/wp-content/uploads/2014/04/liberte-tarte-creme-1.jpg,620361882990456833
Île flottante,http://cdn.im6.fr/0290017105400415-c2-photo-oYToyOntzOjE6InciO2k6NjU2O3M6NToiY29sb3IiO3M6NzoiI0ZGRkZGRiI7fQ%3D%3D-la-recette-pas-a-pas-de-la-creme-anglaise.jpg
Tarte citron meringuée,http://4.bp.blogspot.com/-hEzjzo7s1NE/VQL9BeakMlI/AAAAAAAAGko/85JbTzoogWM/s1600/ob_598a89_tarte-citron-meringuee-dessert.png,620355477860429825,620356457331052544,620360258783985664
Sorbet à la fraise,http://www.bestof-cuisine.com/wp-content/uploads/2013/08/recette-sorbet-fraises-sans-sorbetiere.jpg,620366421235732480,620366440542171136,620366876753965056
Bûche de Noël,http://s3-eu-west-1.amazonaws.com/images-ca-1-0-1-eu/photo_photos/original/12/buche-de-noel-flickr-10434903766_67ba928672_h.jpg?1384770351
Roulé aux fruits rouges,http://jesuispasunecourge.typepad.fr/photos/uncategorized/2007/05/04/roul_confiture.jpg
Roulé au chocolat,http://i.ytimg.com/vi/OlFJNfAx32A/maxresdefault.jpg,620353480482537472
Sunday,https://moisuperpapatissier.files.wordpress.com/2014/06/sunday-vanille-choco-02ok.jpg,620360783218802688
Banana split,http://lensandladle.com/wp-content/uploads/2011/09/201109_banana_split_14878.jpg,620357530414391296
Meringue,http://s3.amazonaws.com/rapgenius/1367561570_meringue.jpg,620353407715569668
Tarte aux pêches,http://www.gartenzauber.com/wp-content/uploads/2013/09/Fotolia_25377654_S.jpeg
Tarte au chocolat,https://www.latableadessert.fr/asset-library/publishingimages/desserts/615x460/7502.jpg
Tarte banane-chocolat,http://p4.storage.canalblog.com/47/15/556002/35402867.jpg
Coupe glacée au chocolat,http://footage.framepool.com/shotimg/qf/761295495-coupe-glacee-sauce-au-caramel-dessert-glace-boule-de-glace.jpg
Coupe glacée fraise melba,http://www.brasseriedelaplagedemontrichard.fr/Pure_files/images/melba.jpg
Coupe glacée exotique,http://www.france2.fr/emissions/sites/default/files/images/2015/02/06/299_parfait.jpg
Coupe glacée au caramel,http://p3.storage.canalblog.com/39/83/486532/42423740.jpg
Crêpe au sucre,http://www.meme-helene.com/wp-content/uploads/2014/05/crepe_155658278.jpg,620366766515060736
Crêpe au nutella,http://kontt3rafde.com/wp-content/uploads/2014/09/st-moritz-nutella-crepe.jpg,620358683600506880,620363983258845184
Crêpe nutella-banane,http://le-mag-de-lea.com/wp-content/uploads/Cr%C3%AApes-banane-chocolat.jpg,620363788722798592,620366810521673728,630086310817099778
Fromage blanc aux fraises,http://1.bp.blogspot.com/_EiGURVGYoYY/S9Q4ROiGB_I/AAAAAAAAAew/w-dKfRc5h5A/s400/mousse+fromage+blanc+aux+fraises.jpg
Coupe glacée pêche melba,http://www.metro.ca/userfiles/image/recipes/Peches-Melba-1493.jpg,620361836274319362,620363595000455168
Coupe glacée Dame blanche,http://p8.storage.canalblog.com/83/79/467305/26776413.jpg,620352056843468800,620353398014124032,620358065741799424,620359066645331968,620360642789277696
Glace au yaourt,http://www.prima.fr.s0.frz.io/wp-content/uploads/2013/07/R-glace-melon-615x335.jpg?frz-v8
Esquimau,http://www.be.com/private/1/private-category/photo/hd/6666/700504181/private-category-image-7-big.png,620366299479318528
Panier de Yoplait aux poires,http://www.yoplait.fr/images/rub_produits/topContainer/2.png,620361579922632705,620366854805176320
Panier de Yoplait à la fraise,http://www.yoplait.fr/images/rub_produits/topContainer/6.png,620354735179210752,620356513719300101,630086241443254273
Panier de Yoplait à la pêche,http://www.yoplait.fr/images/rub_produits/topContainer/5.png,630087235816288256
